sequence,isoelectric_point,n pos residues,n neg residues,n neutral residues,net charge per residue,charge (n pos - n neg),mean_net_charge,fraction_positive,fraction_negative,fraction_expanding,uversky_hydropathy,mean_hydropathy,PPII_propensity,Omega,kappa
QVLFKGQGCPSTHVLLTHTISRIAVSYQTKVNLLSAIKSP,10.5,4,0,36,0.1,4,0.1,0.1,0.0,0.15,0.526388888888889,4.7375,0.36000000000000004,0.4023958842304284,0.16485225505443227
ALQITDVKLQDAGVYRCMISYGGADYKRITVKVNAPYNKINQ,9.625,6,3,33,0.07142857142857142,3,0.07142857142857142,0.14285714285714285,0.07142857142857142,0.23809523809523808,0.46746031746031724,4.207142857142858,0.3633333333333334,0.17956867717050368,0.17992273842270556
PMAEGGGQNHHEVVKFMDVYQRSYCHPIET,6.125,2,4,24,-0.06666666666666667,-2,0.06666666666666667,0.06666666666666667,0.13333333333333333,0.26666666666666666,0.4148148148148148,3.7333333333333325,0.365,0.1660008088791652,0.15094442525496754
TAQQFHRHKQLIRFLKRLDRNLWGLAGLNS,12.90625,6,1,23,0.16666666666666666,5,0.16666666666666666,0.2,0.03333333333333333,0.23333333333333334,0.42629629629629623,3.8366666666666673,0.315,0.3944747044396652,0.26032041460258387
SPSQPWQRLLLRFKILRSLQAFVAVAARVF,14.49998664855957,5,0,25,0.16666666666666666,5,0.16666666666666666,0.16666666666666666,0.0,0.23333333333333334,0.5474074074074073,4.926666666666667,0.37966666666666665,0.3162340187858628,0.2370546318289787
SNTSESFVLNWYRMSPSNQTDKLAAFPEDR,4.484375,3,4,23,-0.03333333333333333,-1,0.03333333333333333,0.1,0.13333333333333333,0.3,0.39333333333333337,3.5399999999999996,0.3583333333333334,0.17036476860262895,0.15855898644778157
ARERRMHVMPDDDVFFITDVKIDDAGVYSC,4.375,4,7,19,-0.1,-3,0.1,0.13333333333333333,0.23333333333333334,0.4,0.4681481481481481,4.213333333333333,0.3483333333333334,0.1377778523973797,0.25108630239548757
RERRMHVMPDDDVFFITDVKIDDAGVYSCT,4.375,4,7,19,-0.1,-3,0.1,0.13333333333333333,0.23333333333333334,0.4,0.45888888888888885,4.13,0.3466666666666667,0.1820860941214349,0.2476369695467475
ERRMHVMPDDDVFFITDVKIDDAGVYSCTA,4.046875,3,7,20,-0.13333333333333333,-4,0.13333333333333333,0.1,0.23333333333333334,0.36666666666666664,0.48222222222222216,4.34,0.34633333333333327,0.2224205923708249,0.26191376636653446
GSFTASENHLRHCLSCSKCRKEMGQVEISS,8.3125,4,3,23,0.03333333333333333,1,0.03333333333333333,0.13333333333333333,0.1,0.23333333333333334,0.43814814814814823,3.9433333333333334,0.30900000000000005,0.19690525197883793,0.2781773184031018
